instance_id,policy,correction_episode,clean_control,persistence_horizon,time_to_recovery,right_censored,post_injection_episodes,future_failure_rate
inter-evaluation-e0-k1-01000,none,,False,,,False,0,
inter-evaluation-e0-k1-01000,prewrite_quarantine,,False,,,False,0,
inter-evaluation-e0-k1-01000,delayed_correction,2,False,,,False,0,
inter-evaluation-e0-k1-01000,delayed_correction,3,False,,,False,0,
inter-evaluation-e0-k1-01000,delayed_correction,5,False,,,False,0,
inter-evaluation-e0-k1-01000,none,,True,,,False,0,
inter-evaluation-e0-k1-01000,prewrite_quarantine,,True,,,False,0,
inter-evaluation-e0-k1-01001,none,,False,,,False,0,
inter-evaluation-e0-k1-01001,prewrite_quarantine,,False,,,False,0,
inter-evaluation-e0-k1-01001,delayed_correction,2,False,,,False,0,
inter-evaluation-e0-k1-01001,delayed_correction,3,False,,,False,0,
inter-evaluation-e0-k1-01001,delayed_correction,5,False,,,False,0,
inter-evaluation-e0-k1-01001,none,,True,,,False,0,
inter-evaluation-e0-k1-01001,prewrite_quarantine,,True,,,False,0,
inter-evaluation-e0-k1-01002,none,,False,,,False,0,
inter-evaluation-e0-k1-01002,prewrite_quarantine,,False,,,False,0,
inter-evaluation-e0-k1-01002,delayed_correction,2,False,,,False,0,
inter-evaluation-e0-k1-01002,delayed_correction,3,False,,,False,0,
inter-evaluation-e0-k1-01002,delayed_correction,5,False,,,False,0,
inter-evaluation-e0-k1-01002,none,,True,,,False,0,
inter-evaluation-e0-k1-01002,prewrite_quarantine,,True,,,False,0,
inter-evaluation-e0-k1-01003,none,,False,,,False,0,
inter-evaluation-e0-k1-01003,prewrite_quarantine,,False,,,False,0,
inter-evaluation-e0-k1-01003,delayed_correction,2,False,,,False,0,
inter-evaluation-e0-k1-01003,delayed_correction,3,False,,,False,0,
inter-evaluation-e0-k1-01003,delayed_correction,5,False,,,False,0,
inter-evaluation-e0-k1-01003,none,,True,,,False,0,
inter-evaluation-e0-k1-01003,prewrite_quarantine,,True,,,False,0,
inter-evaluation-e0-k1-01004,none,,False,,,False,0,
inter-evaluation-e0-k1-01004,prewrite_quarantine,,False,,,False,0,
inter-evaluation-e0-k1-01004,delayed_correction,2,False,,,False,0,
inter-evaluation-e0-k1-01004,delayed_correction,3,False,,,False,0,
inter-evaluation-e0-k1-01004,delayed_correction,5,False,,,False,0,
inter-evaluation-e0-k1-01004,none,,True,,,False,0,
inter-evaluation-e0-k1-01004,prewrite_quarantine,,True,,,False,0,
inter-evaluation-e0-k3-03000,none,,False,3,,True,2,1
inter-evaluation-e0-k3-03000,prewrite_quarantine,,False,,2,False,2,0
inter-evaluation-e0-k3-03000,delayed_correction,2,False,,2,False,2,0
inter-evaluation-e0-k3-03000,delayed_correction,3,False,2,3,False,2,0.5
inter-evaluation-e0-k3-03000,delayed_correction,5,False,3,,True,2,1
inter-evaluation-e0-k3-03000,none,,True,,2,False,2,0
inter-evaluation-e0-k3-03000,prewrite_quarantine,,True,,2,False,2,0
inter-evaluation-e0-k3-03001,none,,False,3,,True,2,1
inter-evaluation-e0-k3-03001,prewrite_quarantine,,False,,2,False,2,0
inter-evaluation-e0-k3-03001,delayed_correction,2,False,,2,False,2,0
inter-evaluation-e0-k3-03001,delayed_correction,3,False,2,3,False,2,0.5
inter-evaluation-e0-k3-03001,delayed_correction,5,False,3,,True,2,1
inter-evaluation-e0-k3-03001,none,,True,,2,False,2,0
inter-evaluation-e0-k3-03001,prewrite_quarantine,,True,,2,False,2,0
inter-evaluation-e0-k3-03002,none,,False,3,,True,2,1
inter-evaluation-e0-k3-03002,prewrite_quarantine,,False,,2,False,2,0
inter-evaluation-e0-k3-03002,delayed_correction,2,False,,2,False,2,0
inter-evaluation-e0-k3-03002,delayed_correction,3,False,2,3,False,2,0.5
inter-evaluation-e0-k3-03002,delayed_correction,5,False,3,,True,2,1
inter-evaluation-e0-k3-03002,none,,True,,2,False,2,0
inter-evaluation-e0-k3-03002,prewrite_quarantine,,True,,2,False,2,0
inter-evaluation-e0-k3-03003,none,,False,3,,True,2,1
inter-evaluation-e0-k3-03003,prewrite_quarantine,,False,,2,False,2,0
inter-evaluation-e0-k3-03003,delayed_correction,2,False,,2,False,2,0
inter-evaluation-e0-k3-03003,delayed_correction,3,False,2,3,False,2,0.5
inter-evaluation-e0-k3-03003,delayed_correction,5,False,3,,True,2,1
inter-evaluation-e0-k3-03003,none,,True,,2,False,2,0
inter-evaluation-e0-k3-03003,prewrite_quarantine,,True,,2,False,2,0
inter-evaluation-e0-k3-03004,none,,False,3,,True,2,1
inter-evaluation-e0-k3-03004,prewrite_quarantine,,False,,2,False,2,0
inter-evaluation-e0-k3-03004,delayed_correction,2,False,,2,False,2,0
inter-evaluation-e0-k3-03004,delayed_correction,3,False,2,3,False,2,0.5
inter-evaluation-e0-k3-03004,delayed_correction,5,False,3,,True,2,1
inter-evaluation-e0-k3-03004,none,,True,,2,False,2,0
inter-evaluation-e0-k3-03004,prewrite_quarantine,,True,,2,False,2,0
inter-evaluation-e0-k5-05000,none,,False,5,,True,4,1
inter-evaluation-e0-k5-05000,prewrite_quarantine,,False,,2,False,4,0
inter-evaluation-e0-k5-05000,delayed_correction,2,False,,2,False,4,0
inter-evaluation-e0-k5-05000,delayed_correction,3,False,2,3,False,4,0.25
inter-evaluation-e0-k5-05000,delayed_correction,5,False,4,5,False,4,0.75
inter-evaluation-e0-k5-05000,none,,True,,2,False,4,0
inter-evaluation-e0-k5-05000,prewrite_quarantine,,True,,2,False,4,0
inter-evaluation-e0-k5-05001,none,,False,5,,True,4,1
inter-evaluation-e0-k5-05001,prewrite_quarantine,,False,,2,False,4,0
inter-evaluation-e0-k5-05001,delayed_correction,2,False,,2,False,4,0
inter-evaluation-e0-k5-05001,delayed_correction,3,False,2,3,False,4,0.25
inter-evaluation-e0-k5-05001,delayed_correction,5,False,4,5,False,4,0.75
inter-evaluation-e0-k5-05001,none,,True,,2,False,4,0
inter-evaluation-e0-k5-05001,prewrite_quarantine,,True,,2,False,4,0
inter-evaluation-e0-k5-05002,none,,False,5,,True,4,1
inter-evaluation-e0-k5-05002,prewrite_quarantine,,False,,2,False,4,0
inter-evaluation-e0-k5-05002,delayed_correction,2,False,,2,False,4,0
inter-evaluation-e0-k5-05002,delayed_correction,3,False,2,3,False,4,0.25
inter-evaluation-e0-k5-05002,delayed_correction,5,False,4,5,False,4,0.75
inter-evaluation-e0-k5-05002,none,,True,,2,False,4,0
inter-evaluation-e0-k5-05002,prewrite_quarantine,,True,,2,False,4,0
inter-evaluation-e0-k5-05003,none,,False,5,,True,4,1
inter-evaluation-e0-k5-05003,prewrite_quarantine,,False,,2,False,4,0
inter-evaluation-e0-k5-05003,delayed_correction,2,False,,2,False,4,0
inter-evaluation-e0-k5-05003,delayed_correction,3,False,2,3,False,4,0.25
inter-evaluation-e0-k5-05003,delayed_correction,5,False,4,5,False,4,0.75
inter-evaluation-e0-k5-05003,none,,True,,2,False,4,0
inter-evaluation-e0-k5-05003,prewrite_quarantine,,True,,2,False,4,0
inter-evaluation-e0-k5-05004,none,,False,5,,True,4,1
inter-evaluation-e0-k5-05004,prewrite_quarantine,,False,,2,False,4,0
inter-evaluation-e0-k5-05004,delayed_correction,2,False,,2,False,4,0
inter-evaluation-e0-k5-05004,delayed_correction,3,False,2,3,False,4,0.25
inter-evaluation-e0-k5-05004,delayed_correction,5,False,4,5,False,4,0.75
inter-evaluation-e0-k5-05004,none,,True,,2,False,4,0
inter-evaluation-e0-k5-05004,prewrite_quarantine,,True,,2,False,4,0
inter-evaluation-e0-k10-10000,none,,False,10,,True,9,1
inter-evaluation-e0-k10-10000,prewrite_quarantine,,False,,2,False,9,0
inter-evaluation-e0-k10-10000,delayed_correction,2,False,,2,False,9,0
inter-evaluation-e0-k10-10000,delayed_correction,3,False,2,3,False,9,0.1111111111111111
inter-evaluation-e0-k10-10000,delayed_correction,5,False,4,5,False,9,0.3333333333333333
inter-evaluation-e0-k10-10000,none,,True,,2,False,9,0
inter-evaluation-e0-k10-10000,prewrite_quarantine,,True,,2,False,9,0
inter-evaluation-e0-k10-10001,none,,False,10,,True,9,1
inter-evaluation-e0-k10-10001,prewrite_quarantine,,False,,2,False,9,0
inter-evaluation-e0-k10-10001,delayed_correction,2,False,,2,False,9,0
inter-evaluation-e0-k10-10001,delayed_correction,3,False,2,3,False,9,0.1111111111111111
inter-evaluation-e0-k10-10001,delayed_correction,5,False,4,5,False,9,0.3333333333333333
inter-evaluation-e0-k10-10001,none,,True,,2,False,9,0
inter-evaluation-e0-k10-10001,prewrite_quarantine,,True,,2,False,9,0
inter-evaluation-e0-k10-10002,none,,False,10,,True,9,1
inter-evaluation-e0-k10-10002,prewrite_quarantine,,False,,2,False,9,0
inter-evaluation-e0-k10-10002,delayed_correction,2,False,,2,False,9,0
inter-evaluation-e0-k10-10002,delayed_correction,3,False,2,3,False,9,0.1111111111111111
inter-evaluation-e0-k10-10002,delayed_correction,5,False,4,5,False,9,0.3333333333333333
inter-evaluation-e0-k10-10002,none,,True,,2,False,9,0
inter-evaluation-e0-k10-10002,prewrite_quarantine,,True,,2,False,9,0
inter-evaluation-e0-k10-10003,none,,False,10,,True,9,1
inter-evaluation-e0-k10-10003,prewrite_quarantine,,False,,2,False,9,0
inter-evaluation-e0-k10-10003,delayed_correction,2,False,,2,False,9,0
inter-evaluation-e0-k10-10003,delayed_correction,3,False,2,3,False,9,0.1111111111111111
inter-evaluation-e0-k10-10003,delayed_correction,5,False,4,5,False,9,0.3333333333333333
inter-evaluation-e0-k10-10003,none,,True,,2,False,9,0
inter-evaluation-e0-k10-10003,prewrite_quarantine,,True,,2,False,9,0
inter-evaluation-e0-k10-10004,none,,False,10,,True,9,1
inter-evaluation-e0-k10-10004,prewrite_quarantine,,False,,2,False,9,0
inter-evaluation-e0-k10-10004,delayed_correction,2,False,,2,False,9,0
inter-evaluation-e0-k10-10004,delayed_correction,3,False,2,3,False,9,0.1111111111111111
inter-evaluation-e0-k10-10004,delayed_correction,5,False,4,5,False,9,0.3333333333333333
inter-evaluation-e0-k10-10004,none,,True,,2,False,9,0
inter-evaluation-e0-k10-10004,prewrite_quarantine,,True,,2,False,9,0
inter-evaluation-e1-k1-101000,none,,False,,,False,0,
inter-evaluation-e1-k1-101000,prewrite_quarantine,,False,,,False,0,
inter-evaluation-e1-k1-101000,delayed_correction,2,False,,,False,0,
inter-evaluation-e1-k1-101000,delayed_correction,3,False,,,False,0,
inter-evaluation-e1-k1-101000,delayed_correction,5,False,,,False,0,
inter-evaluation-e1-k1-101000,none,,True,,,False,0,
inter-evaluation-e1-k1-101000,prewrite_quarantine,,True,,,False,0,
inter-evaluation-e1-k1-101001,none,,False,,,False,0,
inter-evaluation-e1-k1-101001,prewrite_quarantine,,False,,,False,0,
inter-evaluation-e1-k1-101001,delayed_correction,2,False,,,False,0,
inter-evaluation-e1-k1-101001,delayed_correction,3,False,,,False,0,
inter-evaluation-e1-k1-101001,delayed_correction,5,False,,,False,0,
inter-evaluation-e1-k1-101001,none,,True,,,False,0,
inter-evaluation-e1-k1-101001,prewrite_quarantine,,True,,,False,0,
inter-evaluation-e1-k1-101002,none,,False,,,False,0,
inter-evaluation-e1-k1-101002,prewrite_quarantine,,False,,,False,0,
inter-evaluation-e1-k1-101002,delayed_correction,2,False,,,False,0,
inter-evaluation-e1-k1-101002,delayed_correction,3,False,,,False,0,
inter-evaluation-e1-k1-101002,delayed_correction,5,False,,,False,0,
inter-evaluation-e1-k1-101002,none,,True,,,False,0,
inter-evaluation-e1-k1-101002,prewrite_quarantine,,True,,,False,0,
inter-evaluation-e1-k1-101003,none,,False,,,False,0,
inter-evaluation-e1-k1-101003,prewrite_quarantine,,False,,,False,0,
inter-evaluation-e1-k1-101003,delayed_correction,2,False,,,False,0,
inter-evaluation-e1-k1-101003,delayed_correction,3,False,,,False,0,
inter-evaluation-e1-k1-101003,delayed_correction,5,False,,,False,0,
inter-evaluation-e1-k1-101003,none,,True,,,False,0,
inter-evaluation-e1-k1-101003,prewrite_quarantine,,True,,,False,0,
inter-evaluation-e1-k1-101004,none,,False,,,False,0,
inter-evaluation-e1-k1-101004,prewrite_quarantine,,False,,,False,0,
inter-evaluation-e1-k1-101004,delayed_correction,2,False,,,False,0,
inter-evaluation-e1-k1-101004,delayed_correction,3,False,,,False,0,
inter-evaluation-e1-k1-101004,delayed_correction,5,False,,,False,0,
inter-evaluation-e1-k1-101004,none,,True,,,False,0,
inter-evaluation-e1-k1-101004,prewrite_quarantine,,True,,,False,0,
inter-evaluation-e1-k3-103000,none,,False,3,,True,2,1
inter-evaluation-e1-k3-103000,prewrite_quarantine,,False,,2,False,2,0
inter-evaluation-e1-k3-103000,delayed_correction,2,False,,2,False,2,0
inter-evaluation-e1-k3-103000,delayed_correction,3,False,2,3,False,2,0.5
inter-evaluation-e1-k3-103000,delayed_correction,5,False,3,,True,2,1
inter-evaluation-e1-k3-103000,none,,True,,2,False,2,0
inter-evaluation-e1-k3-103000,prewrite_quarantine,,True,,2,False,2,0
inter-evaluation-e1-k3-103001,none,,False,3,,True,2,1
inter-evaluation-e1-k3-103001,prewrite_quarantine,,False,,2,False,2,0
inter-evaluation-e1-k3-103001,delayed_correction,2,False,,2,False,2,0
inter-evaluation-e1-k3-103001,delayed_correction,3,False,2,3,False,2,0.5
inter-evaluation-e1-k3-103001,delayed_correction,5,False,3,,True,2,1
inter-evaluation-e1-k3-103001,none,,True,,2,False,2,0
inter-evaluation-e1-k3-103001,prewrite_quarantine,,True,,2,False,2,0
inter-evaluation-e1-k3-103002,none,,False,3,,True,2,1
inter-evaluation-e1-k3-103002,prewrite_quarantine,,False,,2,False,2,0
inter-evaluation-e1-k3-103002,delayed_correction,2,False,,2,False,2,0
inter-evaluation-e1-k3-103002,delayed_correction,3,False,2,3,False,2,0.5
inter-evaluation-e1-k3-103002,delayed_correction,5,False,3,,True,2,1
inter-evaluation-e1-k3-103002,none,,True,,2,False,2,0
inter-evaluation-e1-k3-103002,prewrite_quarantine,,True,,2,False,2,0
inter-evaluation-e1-k3-103003,none,,False,3,,True,2,1
inter-evaluation-e1-k3-103003,prewrite_quarantine,,False,,2,False,2,0
inter-evaluation-e1-k3-103003,delayed_correction,2,False,,2,False,2,0
inter-evaluation-e1-k3-103003,delayed_correction,3,False,2,3,False,2,0.5
inter-evaluation-e1-k3-103003,delayed_correction,5,False,3,,True,2,1
inter-evaluation-e1-k3-103003,none,,True,,2,False,2,0
inter-evaluation-e1-k3-103003,prewrite_quarantine,,True,,2,False,2,0
inter-evaluation-e1-k3-103004,none,,False,3,,True,2,1
inter-evaluation-e1-k3-103004,prewrite_quarantine,,False,,2,False,2,0
inter-evaluation-e1-k3-103004,delayed_correction,2,False,,2,False,2,0
inter-evaluation-e1-k3-103004,delayed_correction,3,False,2,3,False,2,0.5
inter-evaluation-e1-k3-103004,delayed_correction,5,False,3,,True,2,1
inter-evaluation-e1-k3-103004,none,,True,,2,False,2,0
inter-evaluation-e1-k3-103004,prewrite_quarantine,,True,,2,False,2,0
inter-evaluation-e1-k5-105000,none,,False,5,,True,4,1
inter-evaluation-e1-k5-105000,prewrite_quarantine,,False,,2,False,4,0
inter-evaluation-e1-k5-105000,delayed_correction,2,False,,2,False,4,0
inter-evaluation-e1-k5-105000,delayed_correction,3,False,2,3,False,4,0.25
inter-evaluation-e1-k5-105000,delayed_correction,5,False,4,5,False,4,0.75
inter-evaluation-e1-k5-105000,none,,True,,2,False,4,0
inter-evaluation-e1-k5-105000,prewrite_quarantine,,True,,2,False,4,0
inter-evaluation-e1-k5-105001,none,,False,5,,True,4,1
inter-evaluation-e1-k5-105001,prewrite_quarantine,,False,,2,False,4,0
inter-evaluation-e1-k5-105001,delayed_correction,2,False,,2,False,4,0
inter-evaluation-e1-k5-105001,delayed_correction,3,False,2,3,False,4,0.25
inter-evaluation-e1-k5-105001,delayed_correction,5,False,4,5,False,4,0.75
inter-evaluation-e1-k5-105001,none,,True,,2,False,4,0
inter-evaluation-e1-k5-105001,prewrite_quarantine,,True,,2,False,4,0
inter-evaluation-e1-k5-105002,none,,False,5,,True,4,1
inter-evaluation-e1-k5-105002,prewrite_quarantine,,False,,2,False,4,0
inter-evaluation-e1-k5-105002,delayed_correction,2,False,,2,False,4,0
inter-evaluation-e1-k5-105002,delayed_correction,3,False,2,3,False,4,0.25
inter-evaluation-e1-k5-105002,delayed_correction,5,False,4,5,False,4,0.75
inter-evaluation-e1-k5-105002,none,,True,,2,False,4,0
inter-evaluation-e1-k5-105002,prewrite_quarantine,,True,,2,False,4,0
inter-evaluation-e1-k5-105003,none,,False,5,,True,4,1
inter-evaluation-e1-k5-105003,prewrite_quarantine,,False,,2,False,4,0
inter-evaluation-e1-k5-105003,delayed_correction,2,False,,2,False,4,0
inter-evaluation-e1-k5-105003,delayed_correction,3,False,2,3,False,4,0.25
inter-evaluation-e1-k5-105003,delayed_correction,5,False,4,5,False,4,0.75
inter-evaluation-e1-k5-105003,none,,True,,2,False,4,0
inter-evaluation-e1-k5-105003,prewrite_quarantine,,True,,2,False,4,0
inter-evaluation-e1-k5-105004,none,,False,5,,True,4,1
inter-evaluation-e1-k5-105004,prewrite_quarantine,,False,,2,False,4,0
inter-evaluation-e1-k5-105004,delayed_correction,2,False,,2,False,4,0
inter-evaluation-e1-k5-105004,delayed_correction,3,False,2,3,False,4,0.25
inter-evaluation-e1-k5-105004,delayed_correction,5,False,4,5,False,4,0.75
inter-evaluation-e1-k5-105004,none,,True,,2,False,4,0
inter-evaluation-e1-k5-105004,prewrite_quarantine,,True,,2,False,4,0
inter-evaluation-e1-k10-110000,none,,False,10,,True,9,1
inter-evaluation-e1-k10-110000,prewrite_quarantine,,False,,2,False,9,0
inter-evaluation-e1-k10-110000,delayed_correction,2,False,,2,False,9,0
inter-evaluation-e1-k10-110000,delayed_correction,3,False,2,3,False,9,0.1111111111111111
inter-evaluation-e1-k10-110000,delayed_correction,5,False,4,5,False,9,0.3333333333333333
inter-evaluation-e1-k10-110000,none,,True,,2,False,9,0
inter-evaluation-e1-k10-110000,prewrite_quarantine,,True,,2,False,9,0
inter-evaluation-e1-k10-110001,none,,False,10,,True,9,1
inter-evaluation-e1-k10-110001,prewrite_quarantine,,False,,2,False,9,0
inter-evaluation-e1-k10-110001,delayed_correction,2,False,,2,False,9,0
inter-evaluation-e1-k10-110001,delayed_correction,3,False,2,3,False,9,0.1111111111111111
inter-evaluation-e1-k10-110001,delayed_correction,5,False,4,5,False,9,0.3333333333333333
inter-evaluation-e1-k10-110001,none,,True,,2,False,9,0
inter-evaluation-e1-k10-110001,prewrite_quarantine,,True,,2,False,9,0
inter-evaluation-e1-k10-110002,none,,False,10,,True,9,1
inter-evaluation-e1-k10-110002,prewrite_quarantine,,False,,2,False,9,0
inter-evaluation-e1-k10-110002,delayed_correction,2,False,,2,False,9,0
inter-evaluation-e1-k10-110002,delayed_correction,3,False,2,3,False,9,0.1111111111111111
inter-evaluation-e1-k10-110002,delayed_correction,5,False,4,5,False,9,0.3333333333333333
inter-evaluation-e1-k10-110002,none,,True,,2,False,9,0
inter-evaluation-e1-k10-110002,prewrite_quarantine,,True,,2,False,9,0
inter-evaluation-e1-k10-110003,none,,False,10,,True,9,1
inter-evaluation-e1-k10-110003,prewrite_quarantine,,False,,2,False,9,0
inter-evaluation-e1-k10-110003,delayed_correction,2,False,,2,False,9,0
inter-evaluation-e1-k10-110003,delayed_correction,3,False,2,3,False,9,0.1111111111111111
inter-evaluation-e1-k10-110003,delayed_correction,5,False,4,5,False,9,0.3333333333333333
inter-evaluation-e1-k10-110003,none,,True,,2,False,9,0
inter-evaluation-e1-k10-110003,prewrite_quarantine,,True,,2,False,9,0
inter-evaluation-e1-k10-110004,none,,False,10,,True,9,1
inter-evaluation-e1-k10-110004,prewrite_quarantine,,False,,2,False,9,0
inter-evaluation-e1-k10-110004,delayed_correction,2,False,,2,False,9,0
inter-evaluation-e1-k10-110004,delayed_correction,3,False,2,3,False,9,0.1111111111111111
inter-evaluation-e1-k10-110004,delayed_correction,5,False,4,5,False,9,0.3333333333333333
inter-evaluation-e1-k10-110004,none,,True,,2,False,9,0
inter-evaluation-e1-k10-110004,prewrite_quarantine,,True,,2,False,9,0
inter-evaluation-e2-k1-201000,none,,False,,,False,0,
inter-evaluation-e2-k1-201000,prewrite_quarantine,,False,,,False,0,
inter-evaluation-e2-k1-201000,delayed_correction,2,False,,,False,0,
inter-evaluation-e2-k1-201000,delayed_correction,3,False,,,False,0,
inter-evaluation-e2-k1-201000,delayed_correction,5,False,,,False,0,
inter-evaluation-e2-k1-201000,none,,True,,,False,0,
inter-evaluation-e2-k1-201000,prewrite_quarantine,,True,,,False,0,
inter-evaluation-e2-k1-201001,none,,False,,,False,0,
inter-evaluation-e2-k1-201001,prewrite_quarantine,,False,,,False,0,
inter-evaluation-e2-k1-201001,delayed_correction,2,False,,,False,0,
inter-evaluation-e2-k1-201001,delayed_correction,3,False,,,False,0,
inter-evaluation-e2-k1-201001,delayed_correction,5,False,,,False,0,
inter-evaluation-e2-k1-201001,none,,True,,,False,0,
inter-evaluation-e2-k1-201001,prewrite_quarantine,,True,,,False,0,
inter-evaluation-e2-k1-201002,none,,False,,,False,0,
inter-evaluation-e2-k1-201002,prewrite_quarantine,,False,,,False,0,
inter-evaluation-e2-k1-201002,delayed_correction,2,False,,,False,0,
inter-evaluation-e2-k1-201002,delayed_correction,3,False,,,False,0,
inter-evaluation-e2-k1-201002,delayed_correction,5,False,,,False,0,
inter-evaluation-e2-k1-201002,none,,True,,,False,0,
inter-evaluation-e2-k1-201002,prewrite_quarantine,,True,,,False,0,
inter-evaluation-e2-k1-201003,none,,False,,,False,0,
inter-evaluation-e2-k1-201003,prewrite_quarantine,,False,,,False,0,
inter-evaluation-e2-k1-201003,delayed_correction,2,False,,,False,0,
inter-evaluation-e2-k1-201003,delayed_correction,3,False,,,False,0,
inter-evaluation-e2-k1-201003,delayed_correction,5,False,,,False,0,
inter-evaluation-e2-k1-201003,none,,True,,,False,0,
inter-evaluation-e2-k1-201003,prewrite_quarantine,,True,,,False,0,
inter-evaluation-e2-k1-201004,none,,False,,,False,0,
inter-evaluation-e2-k1-201004,prewrite_quarantine,,False,,,False,0,
inter-evaluation-e2-k1-201004,delayed_correction,2,False,,,False,0,
inter-evaluation-e2-k1-201004,delayed_correction,3,False,,,False,0,
inter-evaluation-e2-k1-201004,delayed_correction,5,False,,,False,0,
inter-evaluation-e2-k1-201004,none,,True,,,False,0,
inter-evaluation-e2-k1-201004,prewrite_quarantine,,True,,,False,0,
inter-evaluation-e2-k3-203000,none,,False,3,,True,2,0.5
inter-evaluation-e2-k3-203000,prewrite_quarantine,,False,,2,False,2,0
inter-evaluation-e2-k3-203000,delayed_correction,2,False,,2,False,2,0
inter-evaluation-e2-k3-203000,delayed_correction,3,False,2,3,False,2,0
inter-evaluation-e2-k3-203000,delayed_correction,5,False,3,,True,2,0.5
inter-evaluation-e2-k3-203000,none,,True,,2,False,2,0
inter-evaluation-e2-k3-203000,prewrite_quarantine,,True,,2,False,2,0
inter-evaluation-e2-k3-203001,none,,False,3,,True,2,0.5
inter-evaluation-e2-k3-203001,prewrite_quarantine,,False,,2,False,2,0
inter-evaluation-e2-k3-203001,delayed_correction,2,False,,2,False,2,0
inter-evaluation-e2-k3-203001,delayed_correction,3,False,2,3,False,2,0
inter-evaluation-e2-k3-203001,delayed_correction,5,False,3,,True,2,0.5
inter-evaluation-e2-k3-203001,none,,True,,2,False,2,0
inter-evaluation-e2-k3-203001,prewrite_quarantine,,True,,2,False,2,0
inter-evaluation-e2-k3-203002,none,,False,3,,True,2,0.5
inter-evaluation-e2-k3-203002,prewrite_quarantine,,False,,2,False,2,0
inter-evaluation-e2-k3-203002,delayed_correction,2,False,,2,False,2,0
inter-evaluation-e2-k3-203002,delayed_correction,3,False,2,3,False,2,0
inter-evaluation-e2-k3-203002,delayed_correction,5,False,3,,True,2,0.5
inter-evaluation-e2-k3-203002,none,,True,,2,False,2,0
inter-evaluation-e2-k3-203002,prewrite_quarantine,,True,,2,False,2,0
inter-evaluation-e2-k3-203003,none,,False,3,,True,2,0.5
inter-evaluation-e2-k3-203003,prewrite_quarantine,,False,,2,False,2,0
inter-evaluation-e2-k3-203003,delayed_correction,2,False,,2,False,2,0
inter-evaluation-e2-k3-203003,delayed_correction,3,False,2,3,False,2,0
inter-evaluation-e2-k3-203003,delayed_correction,5,False,3,,True,2,0.5
inter-evaluation-e2-k3-203003,none,,True,,2,False,2,0
inter-evaluation-e2-k3-203003,prewrite_quarantine,,True,,2,False,2,0
inter-evaluation-e2-k3-203004,none,,False,3,,True,2,0.5
inter-evaluation-e2-k3-203004,prewrite_quarantine,,False,,2,False,2,0
inter-evaluation-e2-k3-203004,delayed_correction,2,False,,2,False,2,0
inter-evaluation-e2-k3-203004,delayed_correction,3,False,2,3,False,2,0
inter-evaluation-e2-k3-203004,delayed_correction,5,False,3,,True,2,0.5
inter-evaluation-e2-k3-203004,none,,True,,2,False,2,0
inter-evaluation-e2-k3-203004,prewrite_quarantine,,True,,2,False,2,0
inter-evaluation-e2-k5-205000,none,,False,5,,True,4,0.75
inter-evaluation-e2-k5-205000,prewrite_quarantine,,False,,2,False,4,0
inter-evaluation-e2-k5-205000,delayed_correction,2,False,,2,False,4,0
inter-evaluation-e2-k5-205000,delayed_correction,3,False,2,3,False,4,0
inter-evaluation-e2-k5-205000,delayed_correction,5,False,4,5,False,4,0.5
inter-evaluation-e2-k5-205000,none,,True,,2,False,4,0
inter-evaluation-e2-k5-205000,prewrite_quarantine,,True,,2,False,4,0
inter-evaluation-e2-k5-205001,none,,False,5,,True,4,0.75
inter-evaluation-e2-k5-205001,prewrite_quarantine,,False,,2,False,4,0
inter-evaluation-e2-k5-205001,delayed_correction,2,False,,2,False,4,0
inter-evaluation-e2-k5-205001,delayed_correction,3,False,2,3,False,4,0
inter-evaluation-e2-k5-205001,delayed_correction,5,False,4,5,False,4,0.5
inter-evaluation-e2-k5-205001,none,,True,,2,False,4,0
inter-evaluation-e2-k5-205001,prewrite_quarantine,,True,,2,False,4,0
inter-evaluation-e2-k5-205002,none,,False,5,,True,4,0.75
inter-evaluation-e2-k5-205002,prewrite_quarantine,,False,,2,False,4,0
inter-evaluation-e2-k5-205002,delayed_correction,2,False,,2,False,4,0
inter-evaluation-e2-k5-205002,delayed_correction,3,False,2,3,False,4,0
inter-evaluation-e2-k5-205002,delayed_correction,5,False,4,5,False,4,0.5
inter-evaluation-e2-k5-205002,none,,True,,2,False,4,0
inter-evaluation-e2-k5-205002,prewrite_quarantine,,True,,2,False,4,0
inter-evaluation-e2-k5-205003,none,,False,5,,True,4,0.75
inter-evaluation-e2-k5-205003,prewrite_quarantine,,False,,2,False,4,0
inter-evaluation-e2-k5-205003,delayed_correction,2,False,,2,False,4,0
inter-evaluation-e2-k5-205003,delayed_correction,3,False,2,3,False,4,0
inter-evaluation-e2-k5-205003,delayed_correction,5,False,4,5,False,4,0.5
inter-evaluation-e2-k5-205003,none,,True,,2,False,4,0
inter-evaluation-e2-k5-205003,prewrite_quarantine,,True,,2,False,4,0
inter-evaluation-e2-k5-205004,none,,False,5,,True,4,0.75
inter-evaluation-e2-k5-205004,prewrite_quarantine,,False,,2,False,4,0
inter-evaluation-e2-k5-205004,delayed_correction,2,False,,2,False,4,0
inter-evaluation-e2-k5-205004,delayed_correction,3,False,2,3,False,4,0
inter-evaluation-e2-k5-205004,delayed_correction,5,False,4,5,False,4,0.5
inter-evaluation-e2-k5-205004,none,,True,,2,False,4,0
inter-evaluation-e2-k5-205004,prewrite_quarantine,,True,,2,False,4,0
inter-evaluation-e2-k10-210000,none,,False,10,,True,9,0.8888888888888888
inter-evaluation-e2-k10-210000,prewrite_quarantine,,False,,2,False,9,0
inter-evaluation-e2-k10-210000,delayed_correction,2,False,,2,False,9,0
inter-evaluation-e2-k10-210000,delayed_correction,3,False,2,3,False,9,0
inter-evaluation-e2-k10-210000,delayed_correction,5,False,4,5,False,9,0.2222222222222222
inter-evaluation-e2-k10-210000,none,,True,,2,False,9,0
inter-evaluation-e2-k10-210000,prewrite_quarantine,,True,,2,False,9,0
inter-evaluation-e2-k10-210001,none,,False,10,,True,9,0.8888888888888888
inter-evaluation-e2-k10-210001,prewrite_quarantine,,False,,2,False,9,0
inter-evaluation-e2-k10-210001,delayed_correction,2,False,,2,False,9,0
inter-evaluation-e2-k10-210001,delayed_correction,3,False,2,3,False,9,0
inter-evaluation-e2-k10-210001,delayed_correction,5,False,4,5,False,9,0.2222222222222222
inter-evaluation-e2-k10-210001,none,,True,,2,False,9,0
inter-evaluation-e2-k10-210001,prewrite_quarantine,,True,,2,False,9,0
inter-evaluation-e2-k10-210002,none,,False,10,,True,9,0.8888888888888888
inter-evaluation-e2-k10-210002,prewrite_quarantine,,False,,2,False,9,0
inter-evaluation-e2-k10-210002,delayed_correction,2,False,,2,False,9,0
inter-evaluation-e2-k10-210002,delayed_correction,3,False,2,3,False,9,0
inter-evaluation-e2-k10-210002,delayed_correction,5,False,4,5,False,9,0.2222222222222222
inter-evaluation-e2-k10-210002,none,,True,,2,False,9,0
inter-evaluation-e2-k10-210002,prewrite_quarantine,,True,,2,False,9,0
inter-evaluation-e2-k10-210003,none,,False,10,,True,9,0.8888888888888888
inter-evaluation-e2-k10-210003,prewrite_quarantine,,False,,2,False,9,0
inter-evaluation-e2-k10-210003,delayed_correction,2,False,,2,False,9,0
inter-evaluation-e2-k10-210003,delayed_correction,3,False,2,3,False,9,0
inter-evaluation-e2-k10-210003,delayed_correction,5,False,4,5,False,9,0.2222222222222222
inter-evaluation-e2-k10-210003,none,,True,,2,False,9,0
inter-evaluation-e2-k10-210003,prewrite_quarantine,,True,,2,False,9,0
inter-evaluation-e2-k10-210004,none,,False,10,,True,9,0.8888888888888888
inter-evaluation-e2-k10-210004,prewrite_quarantine,,False,,2,False,9,0
inter-evaluation-e2-k10-210004,delayed_correction,2,False,,2,False,9,0
inter-evaluation-e2-k10-210004,delayed_correction,3,False,2,3,False,9,0
inter-evaluation-e2-k10-210004,delayed_correction,5,False,4,5,False,9,0.2222222222222222
inter-evaluation-e2-k10-210004,none,,True,,2,False,9,0
inter-evaluation-e2-k10-210004,prewrite_quarantine,,True,,2,False,9,0
inter-evaluation-e3-k1-301000,none,,False,,,False,0,
inter-evaluation-e3-k1-301000,prewrite_quarantine,,False,,,False,0,
inter-evaluation-e3-k1-301000,delayed_correction,2,False,,,False,0,
inter-evaluation-e3-k1-301000,delayed_correction,3,False,,,False,0,
inter-evaluation-e3-k1-301000,delayed_correction,5,False,,,False,0,
inter-evaluation-e3-k1-301000,none,,True,,,False,0,
inter-evaluation-e3-k1-301000,prewrite_quarantine,,True,,,False,0,
inter-evaluation-e3-k1-301001,none,,False,,,False,0,
inter-evaluation-e3-k1-301001,prewrite_quarantine,,False,,,False,0,
inter-evaluation-e3-k1-301001,delayed_correction,2,False,,,False,0,
inter-evaluation-e3-k1-301001,delayed_correction,3,False,,,False,0,
inter-evaluation-e3-k1-301001,delayed_correction,5,False,,,False,0,
inter-evaluation-e3-k1-301001,none,,True,,,False,0,
inter-evaluation-e3-k1-301001,prewrite_quarantine,,True,,,False,0,
inter-evaluation-e3-k1-301002,none,,False,,,False,0,
inter-evaluation-e3-k1-301002,prewrite_quarantine,,False,,,False,0,
inter-evaluation-e3-k1-301002,delayed_correction,2,False,,,False,0,
inter-evaluation-e3-k1-301002,delayed_correction,3,False,,,False,0,
inter-evaluation-e3-k1-301002,delayed_correction,5,False,,,False,0,
inter-evaluation-e3-k1-301002,none,,True,,,False,0,
inter-evaluation-e3-k1-301002,prewrite_quarantine,,True,,,False,0,
inter-evaluation-e3-k1-301003,none,,False,,,False,0,
inter-evaluation-e3-k1-301003,prewrite_quarantine,,False,,,False,0,
inter-evaluation-e3-k1-301003,delayed_correction,2,False,,,False,0,
inter-evaluation-e3-k1-301003,delayed_correction,3,False,,,False,0,
inter-evaluation-e3-k1-301003,delayed_correction,5,False,,,False,0,
inter-evaluation-e3-k1-301003,none,,True,,,False,0,
inter-evaluation-e3-k1-301003,prewrite_quarantine,,True,,,False,0,
inter-evaluation-e3-k1-301004,none,,False,,,False,0,
inter-evaluation-e3-k1-301004,prewrite_quarantine,,False,,,False,0,
inter-evaluation-e3-k1-301004,delayed_correction,2,False,,,False,0,
inter-evaluation-e3-k1-301004,delayed_correction,3,False,,,False,0,
inter-evaluation-e3-k1-301004,delayed_correction,5,False,,,False,0,
inter-evaluation-e3-k1-301004,none,,True,,,False,0,
inter-evaluation-e3-k1-301004,prewrite_quarantine,,True,,,False,0,
inter-evaluation-e3-k3-303000,none,,False,3,,True,2,0
inter-evaluation-e3-k3-303000,prewrite_quarantine,,False,,2,False,2,0
inter-evaluation-e3-k3-303000,delayed_correction,2,False,,2,False,2,0
inter-evaluation-e3-k3-303000,delayed_correction,3,False,2,3,False,2,0
inter-evaluation-e3-k3-303000,delayed_correction,5,False,3,,True,2,0
inter-evaluation-e3-k3-303000,none,,True,,2,False,2,0
inter-evaluation-e3-k3-303000,prewrite_quarantine,,True,,2,False,2,0
inter-evaluation-e3-k3-303001,none,,False,3,,True,2,0
inter-evaluation-e3-k3-303001,prewrite_quarantine,,False,,2,False,2,0
inter-evaluation-e3-k3-303001,delayed_correction,2,False,,2,False,2,0
inter-evaluation-e3-k3-303001,delayed_correction,3,False,2,3,False,2,0
inter-evaluation-e3-k3-303001,delayed_correction,5,False,3,,True,2,0
inter-evaluation-e3-k3-303001,none,,True,,2,False,2,0
inter-evaluation-e3-k3-303001,prewrite_quarantine,,True,,2,False,2,0
inter-evaluation-e3-k3-303002,none,,False,3,,True,2,0
inter-evaluation-e3-k3-303002,prewrite_quarantine,,False,,2,False,2,0
inter-evaluation-e3-k3-303002,delayed_correction,2,False,,2,False,2,0
inter-evaluation-e3-k3-303002,delayed_correction,3,False,2,3,False,2,0
inter-evaluation-e3-k3-303002,delayed_correction,5,False,3,,True,2,0
inter-evaluation-e3-k3-303002,none,,True,,2,False,2,0
inter-evaluation-e3-k3-303002,prewrite_quarantine,,True,,2,False,2,0
inter-evaluation-e3-k3-303003,none,,False,3,,True,2,0
inter-evaluation-e3-k3-303003,prewrite_quarantine,,False,,2,False,2,0
inter-evaluation-e3-k3-303003,delayed_correction,2,False,,2,False,2,0
inter-evaluation-e3-k3-303003,delayed_correction,3,False,2,3,False,2,0
inter-evaluation-e3-k3-303003,delayed_correction,5,False,3,,True,2,0
inter-evaluation-e3-k3-303003,none,,True,,2,False,2,0
inter-evaluation-e3-k3-303003,prewrite_quarantine,,True,,2,False,2,0
inter-evaluation-e3-k3-303004,none,,False,3,,True,2,0
inter-evaluation-e3-k3-303004,prewrite_quarantine,,False,,2,False,2,0
inter-evaluation-e3-k3-303004,delayed_correction,2,False,,2,False,2,0
inter-evaluation-e3-k3-303004,delayed_correction,3,False,2,3,False,2,0
inter-evaluation-e3-k3-303004,delayed_correction,5,False,3,,True,2,0
inter-evaluation-e3-k3-303004,none,,True,,2,False,2,0
inter-evaluation-e3-k3-303004,prewrite_quarantine,,True,,2,False,2,0
inter-evaluation-e3-k5-305000,none,,False,5,,True,4,0.25
inter-evaluation-e3-k5-305000,prewrite_quarantine,,False,,2,False,4,0
inter-evaluation-e3-k5-305000,delayed_correction,2,False,,2,False,4,0
inter-evaluation-e3-k5-305000,delayed_correction,3,False,2,3,False,4,0
inter-evaluation-e3-k5-305000,delayed_correction,5,False,4,5,False,4,0
inter-evaluation-e3-k5-305000,none,,True,,2,False,4,0
inter-evaluation-e3-k5-305000,prewrite_quarantine,,True,,2,False,4,0
inter-evaluation-e3-k5-305001,none,,False,5,,True,4,0.25
inter-evaluation-e3-k5-305001,prewrite_quarantine,,False,,2,False,4,0
inter-evaluation-e3-k5-305001,delayed_correction,2,False,,2,False,4,0
inter-evaluation-e3-k5-305001,delayed_correction,3,False,2,3,False,4,0
inter-evaluation-e3-k5-305001,delayed_correction,5,False,4,5,False,4,0
inter-evaluation-e3-k5-305001,none,,True,,2,False,4,0
inter-evaluation-e3-k5-305001,prewrite_quarantine,,True,,2,False,4,0
inter-evaluation-e3-k5-305002,none,,False,5,,True,4,0.25
inter-evaluation-e3-k5-305002,prewrite_quarantine,,False,,2,False,4,0
inter-evaluation-e3-k5-305002,delayed_correction,2,False,,2,False,4,0
inter-evaluation-e3-k5-305002,delayed_correction,3,False,2,3,False,4,0
inter-evaluation-e3-k5-305002,delayed_correction,5,False,4,5,False,4,0
inter-evaluation-e3-k5-305002,none,,True,,2,False,4,0
inter-evaluation-e3-k5-305002,prewrite_quarantine,,True,,2,False,4,0
inter-evaluation-e3-k5-305003,none,,False,5,,True,4,0.25
inter-evaluation-e3-k5-305003,prewrite_quarantine,,False,,2,False,4,0
inter-evaluation-e3-k5-305003,delayed_correction,2,False,,2,False,4,0
inter-evaluation-e3-k5-305003,delayed_correction,3,False,2,3,False,4,0
inter-evaluation-e3-k5-305003,delayed_correction,5,False,4,5,False,4,0
inter-evaluation-e3-k5-305003,none,,True,,2,False,4,0
inter-evaluation-e3-k5-305003,prewrite_quarantine,,True,,2,False,4,0
inter-evaluation-e3-k5-305004,none,,False,5,,True,4,0.25
inter-evaluation-e3-k5-305004,prewrite_quarantine,,False,,2,False,4,0
inter-evaluation-e3-k5-305004,delayed_correction,2,False,,2,False,4,0
inter-evaluation-e3-k5-305004,delayed_correction,3,False,2,3,False,4,0
inter-evaluation-e3-k5-305004,delayed_correction,5,False,4,5,False,4,0
inter-evaluation-e3-k5-305004,none,,True,,2,False,4,0
inter-evaluation-e3-k5-305004,prewrite_quarantine,,True,,2,False,4,0
inter-evaluation-e3-k10-310000,none,,False,10,,True,9,0.6666666666666666
inter-evaluation-e3-k10-310000,prewrite_quarantine,,False,,2,False,9,0
inter-evaluation-e3-k10-310000,delayed_correction,2,False,,2,False,9,0
inter-evaluation-e3-k10-310000,delayed_correction,3,False,2,3,False,9,0
inter-evaluation-e3-k10-310000,delayed_correction,5,False,4,5,False,9,0
inter-evaluation-e3-k10-310000,none,,True,,2,False,9,0
inter-evaluation-e3-k10-310000,prewrite_quarantine,,True,,2,False,9,0
inter-evaluation-e3-k10-310001,none,,False,10,,True,9,0.6666666666666666
inter-evaluation-e3-k10-310001,prewrite_quarantine,,False,,2,False,9,0
inter-evaluation-e3-k10-310001,delayed_correction,2,False,,2,False,9,0
inter-evaluation-e3-k10-310001,delayed_correction,3,False,2,3,False,9,0
inter-evaluation-e3-k10-310001,delayed_correction,5,False,4,5,False,9,0
inter-evaluation-e3-k10-310001,none,,True,,2,False,9,0
inter-evaluation-e3-k10-310001,prewrite_quarantine,,True,,2,False,9,0
inter-evaluation-e3-k10-310002,none,,False,10,,True,9,0.6666666666666666
inter-evaluation-e3-k10-310002,prewrite_quarantine,,False,,2,False,9,0
inter-evaluation-e3-k10-310002,delayed_correction,2,False,,2,False,9,0
inter-evaluation-e3-k10-310002,delayed_correction,3,False,2,3,False,9,0
inter-evaluation-e3-k10-310002,delayed_correction,5,False,4,5,False,9,0
inter-evaluation-e3-k10-310002,none,,True,,2,False,9,0
inter-evaluation-e3-k10-310002,prewrite_quarantine,,True,,2,False,9,0
inter-evaluation-e3-k10-310003,none,,False,10,,True,9,0.6666666666666666
inter-evaluation-e3-k10-310003,prewrite_quarantine,,False,,2,False,9,0
inter-evaluation-e3-k10-310003,delayed_correction,2,False,,2,False,9,0
inter-evaluation-e3-k10-310003,delayed_correction,3,False,2,3,False,9,0
inter-evaluation-e3-k10-310003,delayed_correction,5,False,4,5,False,9,0
inter-evaluation-e3-k10-310003,none,,True,,2,False,9,0
inter-evaluation-e3-k10-310003,prewrite_quarantine,,True,,2,False,9,0
inter-evaluation-e3-k10-310004,none,,False,10,,True,9,0.6666666666666666
inter-evaluation-e3-k10-310004,prewrite_quarantine,,False,,2,False,9,0
inter-evaluation-e3-k10-310004,delayed_correction,2,False,,2,False,9,0
inter-evaluation-e3-k10-310004,delayed_correction,3,False,2,3,False,9,0
inter-evaluation-e3-k10-310004,delayed_correction,5,False,4,5,False,9,0
inter-evaluation-e3-k10-310004,none,,True,,2,False,9,0
inter-evaluation-e3-k10-310004,prewrite_quarantine,,True,,2,False,9,0
